Timestamp,Blink,FL_37,FL_38,FL_39,FL_40,FL_41,FL_42,FL_43,FL_44,FL_45,FL_46,FL_47,FL_48
0,0,[215  75],[221  72],[225  73],[229  77],[224  77],[220  76],[182  68],[187  66],[192  66],[195  71],[191  70],[186  70]
33,0,[216  71],[221  68],[226  70],[229  74],[225  73],[220  72],[182  64],[187  62],[192  62],[196  67],[191  66],[186  66]
66,0,[216  70],[221  67],[225  68],[229  73],[225  72],[220  71],[182  63],[187  60],[192  61],[196  66],[191  65],[186  65]
100,0,[214  71],[220  69],[224  70],[227  74],[223  74],[219  72],[181  64],[186  62],[191  63],[195  67],[190  67],[185  66]
133,0,[215  72],[220  70],[224  71],[227  75],[223  75],[219  73],[181  65],[186  63],[191  64],[195  68],[190  68],[185  67]
167,0,[215  74],[220  72],[225  73],[228  77],[224  77],[219  76],[181  67],[186  65],[191  66],[195  70],[190  70],[185  69]
200,0,[215  78],[220  76],[225  77],[228  81],[224  81],[219  80],[182  71],[186  69],[191  69],[195  74],[190  74],[186  73]
233,0,[215  82],[220  79],[225  81],[228  85],[224  85],[219  84],[181  75],[186  73],[191  73],[195  78],[190  78],[185  77]
267,0,[213  84],[218  82],[223  83],[226  87],[222  87],[217  86],[180  77],[185  75],[190  75],[194  80],[189  80],[184  79]
300,0,[213  82],[218  80],[223  81],[226  85],[222  85],[217  84],[179  75],[184  73],[189  74],[193  78],[188  78],[183  77]
334,0,[212  81],[217  78],[222  79],[225  83],[221  83],[216  82],[178  74],[183  71],[188  72],[192  77],[187  76],[182  75]
367,0,[210  80],[215  77],[219  78],[222  82],[219  82],[214  81],[177  73],[182  71],[187  72],[190  76],[186  76],[181  75]
401,0,[207  83],[212  81],[217  82],[220  86],[216  86],[212  85],[174  76],[179  74],[184  75],[188  80],[183  79],[178  78]
434,0,[205  81],[210  78],[215  80],[218  84],[214  84],[210  83],[172  74],[177  72],[182  72],[186  77],[181  77],[176  76]
501,0,[208  71],[213  69],[218  70],[221  74],[217  74],[212  73],[174  64],[179  62],[184  62],[187  67],[183  67],[178  66]
534,0,[208  71],[213  69],[218  70],[221  74],[217  74],[212  73],[174  64],[179  62],[184  62],[188  67],[183  67],[178  66]
568,0,[208  71],[213  68],[218  70],[221  74],[217  74],[212  72],[174  64],[179  62],[184  62],[188  67],[183  67],[178  66]
601,0,[208  71],[213  69],[218  70],[221  74],[217  74],[212  72],[174  64],[179  62],[184  63],[188  67],[183  67],[178  66]
634,0,[208  70],[213  68],[218  70],[221  73],[217  73],[212  72],[174  63],[179  62],[184  62],[188  66],[183  66],[178  65]
668,0,[208  70],[213  68],[218  69],[221  73],[217  73],[212  71],[174  63],[179  61],[184  62],[188  66],[183  65],[178  65]
701,0,[208  71],[213  69],[218  71],[221  74],[217  74],[212  72],[174  64],[179  62],[184  63],[188  67],[183  66],[178  66]
735,0,[207  72],[213  70],[217  72],[220  75],[216  75],[212  73],[174  65],[178  64],[183  65],[187  68],[182  68],[178  67]
768,0,[207  71],[213  70],[217  72],[220  74],[216  74],[212  73],[173  65],[178  64],[183  64],[187  67],[182  67],[178  66]
802,0,[207  71],[212  69],[217  71],[220  74],[216  74],[211  72],[173  64],[178  63],[182  64],[186  67],[182  67],[177  66]
835,0,[207  71],[212  70],[216  71],[219  74],[215  74],[211  73],[173  65],[178  64],[183  64],[186  67],[182  67],[177  67]
868,0,[206  72],[212  71],[216  72],[219  75],[215  74],[211  73],[173  66],[177  64],[182  65],[186  68],[181  68],[177  67]
902,0,[206  72],[211  71],[216  72],[219  75],[215  74],[210  73],[172  66],[177  65],[182  65],[186  68],[181  68],[176  67]
935,0,[206  72],[211  71],[215  72],[219  75],[214  75],[210  74],[172  66],[177  65],[181  65],[185  68],[181  68],[176  68]
969,0,[205  72],[210  71],[215  73],[218  75],[214  75],[209  74],[171  66],[176  65],[180  66],[185  68],[180  68],[175  68]
1002,0,[205  72],[210  71],[214  73],[218  75],[213  75],[209  74],[171  66],[176  66],[180  66],[184  68],[179  69],[175  68]
1035,0,[204  72],[209  71],[214  73],[218  75],[213  75],[208  74],[170  66],[175  65],[179  66],[184  69],[179  69],[174  68]
1069,0,[204  72],[209  71],[214  73],[218  75],[213  75],[208  74],[170  67],[175  66],[179  66],[184  69],[179  69],[174  68]
1102,0,[204  72],[209  71],[213  73],[217  75],[212  75],[208  74],[170  67],[175  66],[179  66],[183  69],[178  69],[174  68]
1136,0,[204  73],[209  72],[213  74],[217  76],[213  76],[208  75],[170  68],[174  67],[179  67],[183  70],[178  70],[174  69]
1169,0,[203  73],[208  72],[213  73],[217  76],[212  76],[207  75],[170  68],[174  67],[179  67],[183  70],[178  70],[174  69]
1203,0,[203  73],[208  73],[213  74],[217  76],[212  76],[207  75],[170  68],[174  67],[178  67],[183  70],[178  70],[173  69]
1236,0,[203  73],[208  72],[212  74],[216  76],[212  76],[207  75],[169  68],[174  67],[178  67],[182  70],[177  70],[173  69]
1269,0,[203  72],[208  71],[212  73],[216  75],[212  75],[207  74],[169  67],[173  66],[178  67],[182  69],[177  69],[173  69]
1303,1,[203  73],[208  72],[212  73],[216  76],[212  76],[207  75],[169  67],[173  66],[177  67],[182  69],[177  70],[172  69]
1336,0,[203  72],[208  71],[213  73],[217  75],[212  75],[207  74],[169  67],[174  66],[178  66],[183  68],[178  69],[173  68]
1370,0,[203  71],[208  70],[213  72],[217  74],[212  74],[207  73],[169  66],[174  65],[178  65],[182  68],[177  68],[173  67]
1403,0,[203  71],[208  69],[212  71],[216  74],[212  74],[207  73],[169  65],[173  64],[178  65],[182  68],[177  68],[173  67]
1436,0,[202  71],[208  70],[212  72],[216  74],[211  74],[207  73],[169  66],[173  65],[177  65],[182  68],[177  68],[172  67]
1470,0,[202  71],[207  71],[211  72],[216  74],[211  74],[206  73],[168  66],[172  65],[177  66],[181  68],[176  68],[172  68]
1503,0,[202  71],[207  70],[211  72],[216  74],[211  74],[206  73],[168  66],[172  65],[176  65],[181  68],[176  68],[171  68]
1537,0,[200  71],[206  70],[210  71],[214  74],[209  74],[205  73],[167  66],[172  65],[176  66],[180  68],[176  68],[171  67]
1570,0,[200  71],[205  70],[209  71],[213  73],[208  73],[204  72],[167  66],[171  65],[176  65],[180  68],[175  68],[171  67]
1604,0,[200  71],[205  70],[210  72],[213  74],[209  74],[204  73],[166  67],[171  66],[175  66],[179  68],[175  68],[170  68]
1637,0,[200  72],[205  71],[209  72],[213  74],[208  74],[204  73],[166  67],[170  66],[174  66],[179  69],[174  69],[169  68]
1670,0,[199  72],[204  72],[208  73],[212  75],[208  75],[203  74],[166  68],[170  67],[174  67],[179  69],[174  69],[170  69]
1704,0,[199  72],[204  71],[208  73],[212  75],[207  74],[203  73],[165  68],[169  67],[173  67],[178  69],[173  69],[169  69]
1737,0,[198  72],[203  71],[207  73],[211  75],[207  74],[202  73],[164  68],[169  67],[173  67],[177  69],[173  69],[168  69]
1771,0,[197  72],[202  72],[206  73],[210  75],[206  74],[201  73],[164  68],[168  67],[172  68],[177  69],[172  69],[168  69]
1804,0,[197  72],[202  72],[206  73],[211  75],[206  75],[201  74],[163  69],[167  68],[172  68],[176  70],[171  70],[167  69]
1838,0,[196  73],[202  72],[206  74],[210  76],[205  75],[201  74],[163  69],[167  68],[171  68],[176  70],[171  70],[167  70]
1871,0,[196  73],[202  72],[206  74],[210  76],[205  75],[201  74],[162  69],[167  68],[171  68],[176  70],[171  70],[166  70]
1904,0,[196  73],[201  72],[206  73],[210  75],[205  75],[200  74],[162  69],[166  68],[171  68],[175  70],[170  70],[166  70]
1938,0,[196  73],[201  72],[206  73],[210  75],[205  75],[200  74],[161  69],[166  68],[170  68],[175  70],[170  70],[165  70]
1971,0,[195  72],[201  72],[205  73],[209  75],[204  75],[200  74],[161  68],[166  67],[170  68],[175  70],[170  70],[165  69]
2005,0,[195  73],[201  72],[205  73],[209  75],[204  75],[200  74],[161  69],[166  68],[170  68],[175  70],[170  70],[165  70]
2038,0,[195  73],[201  72],[205  74],[209  75],[204  75],[200  74],[161  69],[166  68],[170  68],[174  70],[170  70],[165  70]
2071,0,[195  72],[200  72],[205  73],[209  75],[204  75],[199  74],[161  68],[165  67],[170  68],[174  69],[169  70],[165  69]
2105,0,[195  72],[200  71],[204  73],[209  75],[204  75],[199  74],[161  68],[165  67],[169  67],[174  69],[169  70],[165  69]
2138,0,[195  73],[200  72],[204  73],[208  75],[203  75],[199  74],[161  69],[165  68],[169  68],[174  70],[169  70],[164  70]
2172,0,[194  73],[199  72],[204  73],[208  76],[203  75],[198  74],[160  69],[165  68],[169  68],[174  70],[169  70],[164  70]
2205,0,[194  72],[199  72],[203  73],[208  75],[203  75],[198  74],[161  69],[165  68],[169  68],[173  70],[168  70],[164  70]
2239,0,[194  72],[199  72],[203  73],[208  75],[203  75],[198  73],[160  68],[164  68],[168  68],[173  70],[168  70],[164  69]
2272,0,[194  73],[199  72],[203  73],[208  75],[202  75],[198  74],[160  69],[164  68],[169  68],[173  71],[168  71],[164  70]
2305,0,[194  73],[199  72],[203  74],[208  76],[203  76],[198  75],[160  70],[164  69],[168  69],[173  71],[168  71],[164  71]
2339,0,[194  74],[199  72],[203  74],[207  76],[203  76],[198  75],[160  70],[164  69],[169  69],[173  71],[168  71],[164  71]
2372,0,[194  73],[199  72],[204  74],[208  76],[203  76],[198  75],[160  69],[164  69],[169  69],[173  71],[168  71],[164  71]
2406,0,[194  74],[199  73],[204  74],[208  77],[203  77],[198  75],[161  70],[165  69],[169  69],[174  71],[169  72],[164  71]
2439,1,[195  74],[200  73],[204  75],[208  77],[203  77],[199  76],[161  70],[165  69],[170  69],[174  71],[169  72],[165  71]
2472,0,[195  74],[200  74],[205  75],[209  77],[204  77],[199  76],[162  70],[166  69],[170  70],[175  72],[170  72],[165  71]
2506,0,[195  75],[201  74],[205  75],[209  77],[204  77],[200  76],[162  70],[166  70],[170  70],[175  72],[170  72],[166  72]
2539,0,[196  73],[201  72],[206  74],[210  76],[205  76],[200  75],[162  69],[167  68],[171  68],[176  71],[171  71],[166  70]
2573,0,[196  74],[201  73],[206  74],[210  76],[205  76],[200  75],[163  69],[167  68],[171  68],[176  71],[171  71],[167  70]
2606,0,[196  75],[202  74],[206  76],[210  78],[205  78],[201  77],[163  71],[168  70],[172  70],[176  73],[172  73],[167  72]
2640,0,[197  75],[202  74],[206  76],[210  78],[206  78],[201  77],[163  71],[168  70],[172  70],[176  72],[172  72],[167  72]
2673,0,[197  74],[202  73],[207  75],[211  77],[206  77],[201  76],[163  70],[168  69],[172  69],[177  71],[172  71],[167  71]
2706,0,[197  75],[202  74],[207  75],[211  77],[206  77],[201  76],[164  70],[168  69],[172  69],[177  72],[172  72],[167  71]
2740,0,[197  75],[203  74],[207  75],[211  77],[206  77],[202  76],[165  70],[169  70],[173  70],[177  72],[173  72],[168  71]
2773,0,[197  76],[202  75],[206  77],[210  79],[205  79],[201  78],[166  72],[170  71],[175  71],[178  73],[174  73],[170  73]
2807,0,[198  76],[203  75],[207  77],[210  79],[206  78],[202  77],[167  72],[171  71],[175  71],[179  73],[175  73],[170  73]
2840,0,[199  75],[205  74],[209  75],[213  78],[208  77],[204  76],[166  70],[171  69],[176  69],[179  72],[175  72],[170  71]
2873,1,[200  74],[206  72],[211  73],[214  76],[210  76],[205  75],[167  69],[171  67],[176  67],[180  71],[176  71],[171  70]
2907,0,[200  74],[206  71],[211  72],[214  76],[210  76],[205  75],[167  69],[172  66],[177  67],[181  71],[176  71],[171  70]
2940,0,[201  74],[207  71],[212  72],[215  76],[211  76],[206  75],[167  68],[172  66],[177  67],[181  71],[176  71],[171  70]
2974,0,[202  75],[207  72],[212  73],[216  77],[212  77],[207  76],[168  69],[173  67],[178  67],[182  72],[177  72],[172  71]
3007,0,[202  76],[208  73],[212  74],[216  77],[212  78],[207  77],[168  70],[173  67],[178  68],[182  72],[177  72],[172  71]
3041,0,[203  76],[208  73],[213  74],[217  78],[212  78],[207  77],[169  70],[174  67],[178  68],[183  72],[178  72],[173  71]
3074,0,[203  76],[209  73],[213  74],[217  78],[213  78],[208  77],[169  70],[174  67],[179  68],[183  72],[178  72],[173  71]
3107,0,[204  75],[209  73],[213  74],[217  78],[213  77],[208  76],[170  69],[175  67],[179  68],[183  72],[179  72],[174  71]
3141,0,[204  76],[209  73],[214  74],[217  78],[213  78],[208  77],[170  70],[175  68],[179  68],[184  72],[179  72],[174  71]
3174,0,[204  74],[209  72],[214  73],[217  77],[213  77],[209  75],[171  69],[175  66],[180  67],[184  71],[179  70],[175  70]
3208,0,[205  72],[210  69],[215  71],[218  75],[214  75],[209  73],[171  66],[176  64],[180  64],[184  69],[180  68],[175  68]
3241,0,[205  71],[210  69],[215  70],[218  74],[214  74],[209  72],[171  65],[176  63],[181  63],[185  68],[180  67],[175  66]
3274,0,[205  73],[211  71],[215  72],[219  76],[214  76],[210  74],[172  67],[177  64],[181  65],[185  70],[181  69],[176  68]
3308,0,[206  73],[211  71],[216  72],[219  76],[215  76],[210  75],[172  67],[177  65],[182  65],[186  70],[181  69],[176  69]
3341,0,[206  73],[211  70],[215  72],[219  76],[215  75],[210  74],[172  66],[177  64],[182  65],[186  69],[181  69],[176  68]
3375,0,[206  73],[211  71],[216  72],[219  76],[215  76],[210  75],[172  67],[177  64],[182  65],[186  70],[181  69],[176  68]
3408,0,[206  73],[211  70],[216  71],[219  76],[215  75],[211  74],[173  66],[177  64],[182  65],[186  69],[182  69],[177  68]
3442,0,[206  72],[212  70],[216  71],[219  75],[215  75],[211  74],[173  66],[178  63],[183  64],[187  69],[182  68],[177  68]
3475,0,[206  73],[212  70],[217  72],[220  76],[216  76],[211  74],[173  66],[178  64],[183  65],[187  69],[182  69],[177  68]
3508,0,[208  73],[213  70],[218  71],[221  75],[217  75],[212  74],[175  66],[180  64],[185  65],[188  69],[184  69],[179  68]
3542,0,[208  73],[213  70],[218  72],[221  76],[217  76],[212  74],[175  67],[179  64],[185  65],[188  69],[184  69],[179  68]
3575,0,[207  73],[213  70],[217  72],[221  75],[217  75],[212  74],[175  66],[179  64],[185  65],[188  69],[184  69],[179  68]
3609,0,[208  73],[213  70],[218  71],[221  75],[217  75],[212  74],[175  66],[180  64],[185  65],[188  69],[184  69],[179  68]
3642,0,[207  73],[212  70],[217  71],[220  75],[217  75],[212  74],[174  67],[179  64],[184  65],[188  69],[183  69],[178  68]
3676,0,[207  73],[212  70],[217  71],[221  75],[217  75],[212  74],[174  66],[179  64],[184  64],[188  69],[183  69],[178  68]
3709,0,[207  72],[212  70],[217  71],[220  75],[216  75],[212  74],[174  66],[179  63],[184  64],[188  69],[183  68],[178  68]
3742,0,[207  72],[212  69],[217  70],[220  74],[216  74],[212  73],[173  65],[178  63],[183  63],[187  68],[182  68],[177  67]
3776,0,[207  72],[212  69],[217  70],[220  74],[216  74],[211  73],[173  65],[178  63],[183  63],[187  68],[182  68],[177  67]
3809,0,[206  72],[212  69],[216  70],[220  75],[216  75],[211  74],[173  66],[177  63],[182  64],[186  68],[182  68],[176  67]
3843,0,[206  72],[211  69],[216  70],[219  74],[215  74],[210  73],[173  66],[177  63],[182  64],[186  68],[181  68],[176  67]
3876,0,[206  72],[211  69],[216  70],[219  74],[215  74],[210  73],[172  65],[177  63],[182  63],[186  68],[181  68],[176  67]
3909,0,[205  72],[211  70],[215  71],[219  75],[215  75],[210  74],[172  66],[177  64],[182  64],[186  69],[181  69],[176  68]
3943,0,[205  73],[210  70],[215  71],[218  75],[214  75],[210  74],[172  66],[176  64],[181  65],[185  69],[180  69],[175  68]
3976,0,[205  72],[210  70],[215  71],[218  75],[214  75],[209  74],[171  67],[176  64],[181  64],[185  69],[180  69],[175  68]
4010,0,[204  72],[210  69],[214  70],[218  74],[214  75],[209  74],[171  66],[175  64],[180  64],[184  69],[179  69],[174  68]
4043,0,[204  72],[209  69],[214  70],[217  74],[213  74],[208  73],[171  66],[175  64],[180  65],[184  69],[179  69],[174  68]
4077,0,[204  72],[209  69],[214  70],[217  74],[213  74],[208  73],[170  66],[175  64],[180  64],[184  69],[179  68],[174  68]
4110,0,[203  72],[208  69],[213  70],[217  74],[213  74],[208  73],[170  66],[174  64],[179  64],[184  68],[179  68],[174  68]
4143,0,[203  72],[208  69],[213  70],[217  74],[212  75],[207  74],[170  67],[174  64],[179  65],[183  69],[178  69],[173  68]
4177,0,[202  72],[208  69],[213  70],[216  74],[212  74],[207  73],[169  67],[173  64],[178  64],[183  69],[178  69],[173  68]
4210,0,[202  72],[207  69],[212  70],[216  74],[212  74],[207  73],[169  67],[173  64],[178  64],[183  69],[178  69],[173  68]
4244,0,[202  72],[207  69],[212  70],[216  74],[212  74],[207  73],[169  66],[173  64],[178  64],[183  69],[178  69],[173  68]
4277,0,[202  71],[207  69],[212  70],[216  74],[212  74],[207  73],[169  66],[173  64],[178  64],[182  68],[177  68],[172  68]
4310,0,[202  71],[207  68],[212  69],[216  73],[212  73],[207  72],[169  65],[173  63],[178  63],[182  68],[177  68],[172  67]
4344,0,[202  71],[207  68],[212  69],[216  73],[212  73],[207  72],[169  65],[173  63],[178  63],[182  68],[177  68],[172  67]
4377,0,[202  71],[208  68],[212  69],[216  73],[212  74],[207  73],[169  66],[173  63],[178  64],[183  68],[178  68],[173  67]
4411,0,[203  71],[208  68],[213  69],[217  73],[212  73],[207  72],[169  66],[174  63],[179  63],[183  68],[178  68],[173  67]
4444,0,[203  71],[208  69],[213  70],[217  74],[212  74],[208  73],[170  65],[174  63],[179  64],[183  68],[179  68],[174  67]
4478,0,[203  72],[209  69],[214  70],[218  74],[213  74],[208  73],[170  66],[174  63],[179  64],[184  68],[179  68],[174  68]
4511,0,[204  72],[209  69],[214  70],[218  74],[213  74],[208  73],[171  66],[175  63],[180  64],[184  68],[179  68],[174  67]
4544,0,[204  71],[210  69],[214  70],[218  74],[214  74],[209  73],[171  66],[176  63],[181  64],[185  68],[180  68],[175  67]
4578,0,[205  72],[210  69],[215  70],[218  74],[214  74],[209  73],[172  66],[176  64],[181  64],[185  69],[180  68],[175  68]
4611,0,[205  72],[210  70],[215  71],[219  75],[215  75],[210  74],[172  66],[177  64],[182  64],[186  69],[181  69],[176  68]
4645,0,[205  72],[211  69],[216  70],[219  74],[215  74],[210  73],[172  66],[177  64],[182  64],[186  68],[181  68],[176  68]
4678,0,[206  72],[211  69],[216  70],[219  74],[216  74],[211  73],[173  66],[178  63],[183  64],[186  68],[182  68],[177  67]
4711,0,[207  72],[212  69],[217  70],[220  74],[216  74],[211  73],[173  66],[178  63],[183  64],[187  68],[182  68],[177  67]
4745,0,[207  72],[212  69],[217  70],[221  75],[217  75],[212  74],[174  66],[179  63],[184  64],[188  68],[183  68],[178  67]
4778,0,[208  72],[213  69],[218  70],[221  75],[217  75],[212  74],[175  65],[180  63],[185  63],[189  68],[184  68],[179  67]
4812,0,[209  72],[214  69],[219  71],[222  75],[218  75],[213  74],[176  65],[180  63],[186  63],[189  68],[185  68],[179  67]
4845,0,[210  73],[215  70],[220  71],[223  76],[219  76],[214  75],[177  66],[181  63],[186  64],[190  69],[185  69],[180  68]
4879,0,[210  74],[216  71],[220  72],[224  76],[220  77],[215  75],[178  66],[182  64],[188  64],[191  69],[187  69],[181  68]
4912,0,[212  73],[217  71],[222  72],[224  76],[221  77],[216  75],[179  66],[183  64],[188  64],[192  69],[187  69],[182  68]
4945,0,[212  74],[218  71],[222  72],[225  77],[221  77],[217  76],[180  66],[185  64],[190  65],[194  70],[189  70],[184  69]
4979,0,[213  74],[218  72],[223  73],[226  77],[222  77],[218  76],[181  67],[186  65],[191  66],[195  70],[190  70],[185  69]
5012,0,[214  75],[219  74],[224  75],[226  78],[223  79],[218  77],[183  68],[187  66],[192  67],[195  71],[191  71],[186  70]
5046,0,[215  77],[221  76],[225  77],[228  80],[224  80],[220  79],[183  69],[188  68],[193  69],[197  72],[192  72],[187  71]
5079,0,[217  78],[222  77],[226  79],[229  81],[225  82],[221  80],[185  70],[190  69],[194  70],[198  73],[194  73],[189  72]
5112,0,[218  79],[223  78],[227  80],[230  82],[226  82],[222  81],[186  71],[191  70],[196  71],[199  74],[195  74],[190  73]
5146,0,[219  80],[224  79],[228  81],[231  83],[227  83],[223  82],[187  72],[193  71],[197  72],[201  75],[196  75],[192  74]
5179,0,[220  81],[225  81],[229  83],[232  85],[228  85],[224  83],[189  73],[194  73],[198  74],[202  76],[197  76],[193  75]
5213,0,[221  83],[226  83],[230  84],[232  86],[229  86],[225  85],[190  75],[195  75],[199  75],[203  78],[198  78],[194  77]
5246,0,[226  78],[231  75],[237  75],[242  77],[237  79],[231  79],[190  75],[195  74],[200  74],[205  77],[200  78],[194  77]
5280,0,[225  80],[230  78],[235  78],[239  79],[235  81],[230  81],[191  76],[196  76],[201  76],[206  79],[201  80],[195  79]
5313,0,[226  79],[231  75],[237  75],[242  77],[237  79],[232  80],[190  76],[195  74],[201  75],[205  78],[200  79],[195  79]
5346,0,[222  85],[226  85],[230  87],[233  88],[229  89],[225  87],[191  77],[197  77],[201  78],[204  80],[200  80],[196  79]
5380,0,[222  85],[226  85],[230  87],[233  89],[229  89],[225  88],[191  77],[196  77],[201  78],[204  80],[200  81],[195  80]
5413,0,[222  86],[226  85],[230  87],[232  89],[229  89],[225  88],[191  77],[196  77],[201  78],[204  81],[199  81],[195  80]
5447,0,[221  85],[226  85],[230  87],[232  89],[229  89],[225  88],[191  78],[196  78],[200  78],[203  81],[199  81],[195  80]
5480,0,[221  86],[226  86],[229  87],[232  89],[228  90],[225  88],[190  78],[196  78],[200  79],[203  81],[199  81],[194  80]
5514,0,[221  86],[225  86],[229  87],[232  89],[228  90],[224  88],[190  78],[195  78],[200  79],[203  81],[199  82],[194  80]
5547,0,[221  86],[226  87],[230  88],[232  89],[229  90],[225  89],[190  78],[195  78],[200  79],[203  81],[198  82],[194  80]
5580,0,[221  87],[226  87],[230  88],[233  90],[229  90],[225  89],[191  79],[196  79],[200  80],[204  82],[199  82],[195  81]
5614,0,[221  87],[226  86],[230  88],[233  90],[229  90],[225  89],[191  78],[196  79],[200  79],[203  82],[199  82],[195  81]
5647,0,[221  87],[226  87],[231  88],[234  90],[230  90],[225  89],[191  78],[196  79],[200  79],[203  82],[199  82],[194  81]
5681,0,[221  86],[226  86],[230  87],[233  89],[229  89],[225  88],[190  78],[195  78],[200  79],[203  81],[199  81],[194  80]
5714,0,[220  86],[225  86],[229  87],[232  89],[228  89],[224  88],[190  78],[195  78],[199  79],[202  81],[198  81],[193  80]
5747,0,[219  85],[224  85],[228  87],[231  88],[227  89],[223  87],[189  78],[194  78],[198  79],[202  81],[197  81],[193  80]
5781,0,[218  84],[223  84],[227  86],[230  87],[226  88],[222  87],[188  77],[193  77],[197  78],[201  80],[197  80],[192  79]
5814,1,[218  83],[223  82],[227  83],[230  86],[226  86],[222  85],[187  75],[192  75],[196  75],[200  78],[195  78],[191  77]
5848,0,[219  81],[224  80],[228  81],[231  84],[227  84],[223  83],[186  72],[191  72],[196  73],[199  76],[195  76],[190  75]
5881,0,[218  80],[223  78],[228  80],[230  83],[227  84],[222  82],[185  72],[190  70],[195  71],[199  76],[194  75],[189  74]
5915,0,[217  79],[223  77],[228  78],[230  82],[227  82],[222  81],[185  71],[190  69],[195  70],[199  75],[194  74],[189  73]
5948,0,[217  79],[222  76],[227  77],[230  82],[227  82],[222  81],[185  70],[189  68],[195  69],[198  75],[194  74],[188  73]
5981,0,[217  79],[222  76],[227  77],[230  81],[226  82],[221  81],[184  70],[189  68],[194  69],[198  74],[193  74],[188  73]
6015,0,[216  79],[222  76],[226  77],[230  81],[226  82],[221  80],[183  70],[188  68],[194  69],[198  74],[192  74],[187  73]
6048,0,[216  79],[221  75],[226  76],[230  81],[226  81],[221  80],[183  70],[188  67],[193  68],[197  74],[192  73],[187  72]
6082,0,[215  78],[220  75],[225  76],[229  80],[225  81],[220  80],[182  70],[187  67],[192  68],[196  74],[191  73],[186  72]
6115,0,[215  78],[220  75],[225  76],[228  81],[224  81],[219  80],[182  69],[186  67],[192  68],[195  73],[190  73],[185  72]
6148,0,[214  77],[220  75],[224  76],[227  80],[224  80],[219  79],[181  69],[186  67],[191  68],[195  73],[190  73],[184  71]
6182,0,[213  78],[218  75],[223  76],[227  80],[223  81],[217  80],[180  69],[184  67],[190  67],[194  73],[189  73],[183  72]
6215,0,[212  78],[218  75],[223  76],[226  80],[222  80],[217  79],[180  69],[184  67],[189  68],[193  73],[188  73],[183  72]
6249,0,[212  77],[218  75],[223  76],[226  80],[222  80],[217  79],[179  69],[184  67],[189  68],[193  73],[188  72],[183  71]
6282,0,[213  77],[218  74],[223  75],[226  79],[222  80],[217  79],[179  69],[184  67],[189  67],[193  72],[188  72],[183  71]
6316,0,[213  77],[218  74],[223  75],[226  79],[223  80],[217  79],[180  69],[185  67],[190  67],[194  73],[189  73],[184  71]
6349,0,[213  77],[219  74],[224  75],[227  79],[223  80],[218  79],[180  69],[185  67],[190  68],[194  73],[189  73],[184  72]
6382,0,[214  78],[219  75],[224  76],[227  80],[223  80],[218  79],[180  69],[185  67],[190  68],[194  73],[189  73],[184  72]
6416,0,[213  78],[219  75],[224  76],[227  80],[223  81],[218  79],[180  70],[185  67],[190  68],[194  73],[189  73],[184  72]
6449,0,[213  78],[218  75],[223  76],[227  80],[223  81],[217  80],[179  70],[184  67],[190  68],[194  73],[189  74],[183  72]
6483,0,[213  78],[218  75],[223  76],[226  80],[222  81],[217  79],[179  69],[184  68],[189  68],[193  73],[188  73],[183  72]
6516,0,[213  78],[218  75],[223  76],[226  80],[222  81],[217  80],[179  70],[184  68],[189  69],[193  74],[188  73],[183  72]
6549,0,[212  78],[218  75],[223  76],[226  80],[222  81],[217  80],[179  70],[184  67],[189  68],[193  74],[188  73],[183  72]
6583,0,[213  78],[218  75],[223  76],[226  80],[222  81],[217  79],[179  70],[184  67],[190  68],[194  73],[189  73],[183  72]
6616,0,[213  78],[218  75],[223  76],[226  81],[222  81],[217  80],[180  70],[185  68],[190  69],[194  74],[189  74],[184  73]
6650,0,[213  78],[219  75],[224  76],[227  81],[223  81],[218  80],[180  70],[185  68],[190  69],[194  74],[189  74],[184  73]
6683,0,[213  79],[218  76],[223  77],[226  81],[223  82],[217  81],[180  70],[185  68],[190  69],[194  74],[189  74],[184  73]
6717,0,[213  79],[218  76],[223  77],[226  81],[222  82],[217  80],[180  70],[185  68],[190  69],[194  74],[189  74],[183  73]
6750,0,[213  78],[218  75],[223  76],[226  81],[222  81],[217  80],[179  70],[184  68],[189  68],[193  74],[188  74],[183  72]
6783,0,[212  78],[217  75],[222  76],[226  80],[222  81],[217  80],[179  70],[184  67],[189  68],[193  74],[188  73],[182  72]
6817,0,[212  78],[217  75],[222  76],[226  80],[221  81],[216  80],[179  70],[183  67],[189  68],[193  74],[188  73],[182  72]
6850,0,[213  78],[218  75],[223  76],[226  80],[222  81],[217  80],[179  70],[184  67],[189  68],[193  74],[188  73],[183  72]
6884,0,[212  78],[218  75],[223  76],[226  80],[222  81],[217  80],[180  70],[184  68],[190  68],[193  74],[189  74],[183  73]
6917,0,[213  78],[218  75],[223  76],[226  81],[222  81],[217  80],[180  70],[184  67],[190  68],[194  74],[189  73],[183  72]
6950,0,[212  78],[218  75],[223  76],[226  80],[222  81],[217  80],[179  70],[184  67],[189  68],[193  74],[188  74],[183  72]
6984,0,[212  78],[217  75],[222  76],[226  80],[221  81],[216  80],[179  70],[183  67],[189  68],[193  73],[188  73],[182  72]
7017,0,[212  77],[217  74],[222  75],[225  80],[221  80],[216  79],[178  70],[183  67],[188  68],[192  73],[187  73],[182  72]
7051,0,[211  77],[216  74],[221  75],[224  79],[220  80],[215  78],[178  69],[182  67],[187  68],[191  73],[186  73],[181  72]
7084,0,[210  77],[215  74],[220  75],[224  79],[220  79],[215  78],[178  69],[182  67],[187  68],[191  73],[186  72],[181  72]
7118,0,[210  77],[215  74],[220  75],[224  79],[220  79],[215  78],[177  69],[182  67],[187  68],[191  73],[186  73],[181  72]
7151,0,[210  77],[215  74],[220  75],[224  79],[220  79],[214  78],[177  69],[181  67],[186  68],[191  73],[186  72],[180  71]
7184,0,[210  77],[215  74],[220  75],[223  79],[219  79],[214  78],[177  69],[181  67],[186  68],[191  73],[185  73],[180  72]
7218,0,[209  77],[214  73],[219  75],[223  79],[219  79],[213  78],[176  69],[180  66],[185  67],[190  72],[184  72],[179  71]
7251,0,[208  76],[213  73],[218  74],[222  78],[218  79],[213  78],[175  69],[179  67],[185  67],[189  72],[184  72],[179  71]
7285,0,[207  76],[212  73],[217  74],[221  78],[216  79],[211  78],[174  69],[178  67],[183  68],[187  72],[182  72],[177  72]
7318,0,[205  76],[211  73],[216  74],[220  78],[215  78],[210  78],[173  70],[177  67],[182  68],[187  73],[181  72],[176  72]
7352,0,[204  76],[209  73],[215  74],[219  78],[214  78],[209  78],[172  69],[176  67],[181  68],[185  73],[180  72],[175  72]
7385,0,[203  77],[208  73],[214  75],[218  79],[213  80],[208  78],[170  70],[174  67],[179  68],[184  73],[179  73],[173  72]
7418,0,[203  76],[208  73],[213  74],[217  78],[212  79],[207  78],[170  70],[174  67],[179  68],[183  73],[178  73],[173  72]
7452,0,[201  76],[207  73],[212  74],[216  78],[211  79],[206  78],[169  70],[172  67],[177  68],[182  73],[177  73],[172  72]
7485,0,[201  75],[206  72],[211  73],[216  77],[211  78],[206  77],[168  69],[172  66],[177  67],[182  72],[176  72],[171  71]
7519,0,[200  76],[206  72],[211  74],[215  78],[210  78],[205  77],[168  70],[171  67],[176  68],[181  72],[176  72],[171  72]
7552,0,[197  76],[202  73],[206  74],[209  78],[205  78],[201  77],[167  71],[171  68],[176  69],[180  73],[175  73],[171  73]
7585,0,[199  75],[204  72],[210  73],[214  77],[209  77],[204  77],[166  70],[170  67],[175  67],[180  72],[175  72],[170  72]
7619,0,[199  75],[204  72],[209  73],[213  77],[209  78],[203  77],[166  70],[170  67],[175  68],[179  72],[174  72],[169  72]
7652,0,[198  76],[203  75],[207  76],[211  78],[207  78],[202  78],[167  72],[171  70],[175  71],[179  73],[174  74],[170  73]
7686,0,[198  76],[203  76],[207  77],[211  79],[206  78],[202  78],[167  72],[171  71],[175  72],[179  74],[175  74],[171  73]
7719,0,[199  76],[204  74],[208  75],[212  78],[208  78],[203  77],[168  71],[172  70],[176  70],[180  73],[176  73],[171  73]
7753,0,[200  77],[206  74],[211  75],[214  79],[210  79],[205  78],[168  72],[172  69],[177  70],[181  74],[176  74],[172  73]
7786,0,[201  77],[206  74],[211  75],[215  79],[211  79],[206  79],[168  72],[173  69],[178  70],[182  74],[177  74],[172  73]
7819,0,[201  77],[207  74],[211  75],[215  79],[211  79],[206  78],[168  71],[173  69],[178  70],[182  74],[177  74],[172  73]
7853,0,[201  77],[206  74],[211  75],[214  78],[210  79],[205  78],[168  71],[173  69],[178  69],[182  74],[177  74],[172  73]
7886,0,[201  77],[206  74],[211  75],[215  79],[210  79],[205  79],[168  71],[173  69],[178  69],[182  74],[177  74],[172  73]
7920,0,[201  77],[206  74],[211  75],[215  79],[210  79],[205  78],[168  71],[173  69],[178  69],[182  74],[177  74],[172  73]
7953,0,[201  77],[206  76],[210  77],[213  79],[209  79],[205  78],[170  73],[174  72],[178  72],[182  74],[178  74],[173  74]
7986,0,[201  77],[206  77],[210  78],[213  80],[209  80],[205  79],[171  73],[175  73],[179  73],[183  74],[178  75],[174  74]
8020,0,[202  77],[206  77],[210  79],[214  80],[210  80],[205  79],[171  73],[175  73],[180  73],[184  74],[179  75],[175  74]
8053,0,[203  77],[208  76],[212  78],[215  79],[211  79],[207  78],[172  72],[176  72],[180  72],[184  74],[180  74],[176  74]
8087,0,[204  76],[209  75],[213  76],[216  78],[212  78],[208  77],[172  71],[176  70],[181  70],[184  73],[180  73],[176  72]
8120,1,[204  75],[209  73],[213  74],[216  78],[213  78],[208  77],[172  70],[176  68],[181  68],[185  72],[180  72],[176  71]
8154,0,[204  75],[209  72],[213  73],[217  77],[213  77],[208  76],[171  69],[176  67],[180  67],[185  72],[180  72],[175  71]
8187,0,[203  75],[208  72],[213  73],[216  77],[212  78],[208  77],[171  69],[175  67],[180  67],[184  72],[179  72],[174  71]
8220,0,[203  74],[208  72],[213  73],[216  77],[212  77],[207  76],[170  69],[175  67],[180  67],[184  71],[179  71],[174  71]
8254,0,[203  75],[208  72],[213  73],[216  77],[212  77],[207  76],[170  69],[174  66],[179  67],[183  71],[178  71],[173  71]
8287,0,[203  75],[209  72],[213  74],[217  77],[213  77],[208  76],[171  69],[175  67],[180  67],[184  71],[179  71],[174  70]
8321,0,[205  75],[210  72],[215  74],[218  78],[214  78],[209  77],[172  68],[177  66],[182  67],[186  71],[181  71],[176  70]
8354,0,[207  75],[212  73],[217  74],[220  78],[216  78],[211  76],[174  69],[179  67],[184  67],[187  71],[183  71],[178  70]
8387,0,[208  75],[213  73],[218  74],[221  78],[217  78],[213  76],[175  69],[180  67],[185  67],[188  71],[184  71],[179  70]
8421,0,[208  75],[213  73],[218  75],[221  78],[217  78],[213  77],[176  69],[180  67],[185  67],[189  71],[184  71],[179  70]
8454,0,[208  75],[213  73],[217  74],[221  78],[217  77],[212  76],[175  69],[179  67],[184  68],[188  71],[183  71],[179  71]
8488,0,[207  75],[212  73],[217  74],[220  78],[216  78],[212  77],[174  69],[179  67],[184  67],[187  72],[183  71],[178  70]
8521,0,[207  75],[212  73],[217  74],[220  78],[216  77],[212  76],[174  69],[179  67],[183  68],[187  71],[183  71],[178  70]
8555,0,[207  76],[212  73],[217  74],[220  78],[216  78],[212  77],[174  69],[179  67],[184  67],[188  72],[183  72],[178  71]
8588,0,[208  76],[213  73],[218  75],[221  78],[217  78],[213  77],[175  69],[179  67],[184  68],[188  72],[183  72],[178  71]
8621,0,[208  76],[213  74],[218  75],[221  79],[217  79],[212  78],[175  70],[180  68],[184  68],[188  72],[184  72],[179  71]
8655,0,[208  77],[213  75],[218  76],[221  80],[217  79],[213  78],[175  71],[180  69],[185  69],[188  73],[184  73],[179  72]
8688,0,[208  77],[213  76],[217  78],[221  80],[217  80],[212  79],[176  71],[180  70],[185  71],[188  74],[184  73],[180  73]
8722,0,[208  79],[214  78],[218  79],[221  82],[217  81],[213  80],[176  72],[181  71],[185  72],[189  75],[184  74],[180  73]
8755,0,[209  79],[214  78],[218  79],[222  82],[217  81],[213  80],[176  72],[181  72],[186  73],[189  75],[185  75],[180  74]
8789,0,[209  81],[214  80],[219  81],[222  83],[218  83],[214  82],[177  74],[182  73],[186  74],[190  77],[185  76],[181  75]
8822,0,[209  82],[214  82],[218  83],[222  85],[218  85],[213  84],[177  75],[182  75],[186  76],[190  78],[186  78],[181  77]
8855,0,[209  83],[214  83],[218  84],[222  86],[218  86],[214  85],[177  76],[182  76],[186  77],[190  79],[185  79],[181  78]
8889,0,[209  83],[214  83],[218  84],[221  86],[217  86],[213  85],[177  76],[182  76],[186  77],[190  79],[185  79],[181  78]
8922,0,[208  83],[214  83],[217  84],[220  86],[217  86],[213  85],[177  76],[182  76],[186  77],[189  79],[185  79],[181  78]
8956,0,[208  82],[214  82],[218  83],[221  85],[217  85],[213  84],[176  75],[181  75],[185  76],[189  78],[184  78],[180  77]
8989,0,[208  82],[214  81],[218  83],[221  85],[217  84],[213  83],[176  74],[181  74],[185  75],[188  77],[184  77],[180  76]
9022,0,[208  81],[213  81],[217  82],[221  84],[216  84],[212  83],[175  74],[180  74],[184  75],[188  77],[183  76],[179  75]
9056,0,[208  81],[213  81],[217  82],[220  84],[216  84],[212  83],[175  74],[180  74],[184  75],[187  77],[183  76],[179  75]
9089,0,[207  82],[213  82],[217  83],[220  85],[216  85],[212  84],[174  75],[179  75],[183  76],[187  78],[182  77],[178  76]
9123,0,[207  83],[213  83],[217  84],[220  86],[216  86],[211  84],[173  76],[178  76],[182  77],[186  79],[182  78],[177  77]
9156,0,[206  84],[211  85],[216  86],[219  87],[215  87],[210  86],[172  77],[177  78],[181  79],[185  80],[180  80],[176  79]
9190,0,[205  86],[210  86],[215  87],[219  88],[214  88],[209  87],[171  78],[176  79],[180  80],[184  82],[179  81],[175  80]
9223,0,[204  87],[209  87],[213  88],[218  89],[213  89],[208  88],[169  80],[174  80],[178  81],[182  83],[177  82],[173  81]
9256,0,[202  87],[208  88],[212  89],[217  90],[211  90],[207  89],[168  80],[173  81],[177  82],[181  83],[176  83],[172  82]
9290,0,[202  88],[207  88],[212  89],[216  90],[211  90],[206  89],[166  81],[171  82],[175  82],[179  84],[174  84],[170  83]
9323,0,[201  89],[206  89],[211  90],[216  91],[210  91],[205  90],[165  82],[170  83],[174  83],[179  85],[174  85],[169  84]
9357,0,[201  90],[206  90],[211  91],[215  92],[210  92],[205  91],[165  83],[170  84],[174  84],[178  86],[173  86],[169  85]
9390,0,[200  91],[206  91],[211  92],[215  93],[210  93],[205  93],[164  84],[169  84],[174  85],[178  87],[173  87],[168  86]
9423,0,[201  92],[206  92],[211  93],[216  94],[210  94],[205  94],[164  85],[169  86],[174  86],[178  88],[173  88],[169  87]
9457,0,[202  93],[207  93],[212  94],[217  95],[211  95],[206  95],[164  86],[169  86],[174  87],[178  89],[173  89],[169  88]
9490,0,[202  94],[208  93],[212  94],[217  95],[212  96],[207  95],[165  86],[170  87],[175  88],[179  90],[174  90],[169  88]
9524,0,[203  95],[208  94],[213  95],[218  96],[212  97],[207  96],[166  87],[171  88],[176  88],[180  91],[175  90],[170  89]
9557,0,[204  95],[210  95],[214  96],[219  97],[214  98],[209  97],[167  87],[172  88],[177  89],[181  91],[176  91],[171  89]
9591,0,[206  96],[211  96],[216  97],[221  98],[215  98],[211  97],[169  88],[175  89],[179  90],[183  92],[178  91],[174  90]
9624,0,[209  96],[214  97],[219  99],[223  99],[218 100],[213  99],[172  89],[178  90],[182  90],[186  92],[181  92],[177  91]
9657,0,[212  98],[218  99],[222 100],[226 101],[221 101],[217 100],[176  89],[181  90],[185  91],[189  93],[184  92],[180  91]
9691,0,[215  99],[221 100],[225 101],[229 102],[224 102],[220 101],[179  90],[184  92],[189  93],[193  94],[188  94],[183  93]
9724,0,[218 101],[223 100],[228 102],[232 103],[227 104],[222 103],[182  92],[188  93],[192  93],[196  96],[191  95],[186  94]
9758,0,[220 102],[225 101],[230 103],[233 104],[229 105],[224 104],[184  93],[190  93],[195  94],[198  97],[194  97],[189  95]
9791,0,[221 103],[227 103],[231 104],[235 105],[230 106],[226 105],[187  93],[192  95],[197  95],[201  97],[196  97],[191  96]
9824,0,[222 103],[228 103],[232 105],[236 105],[232 106],[227 105],[188  93],[194  95],[198  96],[202  97],[197  97],[193  96]
9858,0,[224 101],[229 100],[234 102],[237 104],[233 104],[228 103],[188  92],[194  92],[199  93],[203  96],[198  95],[193  94]
9891,1,[224 100],[230  97],[235  98],[238 102],[234 102],[229 101],[187  90],[193  88],[199  90],[203  95],[197  94],[192  92]
9925,0,[224  99],[230  95],[235  96],[239 101],[234 101],[229 100],[188  88],[193  86],[199  88],[203  93],[197  93],[191  91]
9958,0,[223  99],[229  95],[235  96],[238 100],[234 101],[228 100],[186  88],[192  86],[198  88],[202  94],[197  93],[191  91]
9992,0,[223  98],[229  94],[234  95],[238  99],[233 100],[228  99],[186  88],[192  86],[197  87],[202  93],[196  92],[190  91]
10025,0,[222  98],[228  94],[234  95],[238  99],[233 100],[227  99],[186  87],[191  85],[196  87],[201  93],[195  92],[189  91]
10058,0,[222  98],[228  94],[233  95],[237  99],[233 101],[227 100],[185  88],[191  86],[197  87],[200  93],[195  93],[189  91]
10092,0,[222  98],[227  95],[233  95],[237  99],[232 100],[227  99],[185  88],[190  86],[196  88],[200  93],[194  92],[189  91]
10125,0,[222  98],[227  95],[232  96],[236  99],[231 100],[226  99],[185  88],[190  86],[195  88],[199  93],[194  92],[189  91]
10159,0,[221  97],[226  95],[231  96],[235  99],[230  99],[226  98],[186  88],[190  87],[195  88],[199  92],[193  92],[189  90]
10192,0,[220  97],[225  94],[230  95],[234  98],[229  99],[225  98],[184  88],[189  87],[194  88],[198  92],[193  91],[188  90]
10225,0,[219  96],[224  94],[229  95],[233  98],[228  98],[224  98],[184  87],[188  86],[193  88],[197  92],[192  91],[187  90]
10259,0,[218  95],[223  93],[228  94],[232  97],[227  97],[223  96],[183  87],[188  86],[192  87],[196  91],[191  90],[187  89]
10292,0,[217  95],[222  93],[227  94],[231  97],[226  97],[222  96],[182  87],[186  86],[191  87],[195  90],[190  90],[185  88]
10326,0,[217  94],[222  92],[226  94],[230  96],[226  96],[221  95],[181  86],[186  85],[190  86],[194  90],[189  89],[185  88]
10359,0,[216  94],[221  93],[225  94],[229  96],[225  96],[220  95],[180  86],[185  86],[189  87],[193  90],[188  89],[184  88]
10393,0,[215  95],[220  93],[225  94],[229  97],[224  97],[219  96],[179  87],[184  86],[188  88],[192  91],[187  90],[183  89]
10426,0,[214  95],[219  95],[223  96],[228  98],[223  98],[218  97],[178  88],[183  88],[187  89],[191  92],[186  91],[182  90]
10459,0,[213  95],[218  95],[222  96],[226  97],[221  98],[217  97],[178  88],[182  88],[186  89],[190  91],[185  91],[181  90]
10493,0,[212  95],[217  95],[221  96],[226  98],[221  98],[216  97],[176  89],[180  89],[184  89],[189  91],[184  91],[179  91]
10526,0,[211  95],[216  95],[221  96],[225  97],[220  98],[215  97],[175  89],[179  89],[184  89],[188  91],[183  91],[179  91]
10560,0,[210  95],[215  94],[220  95],[224  97],[220  97],[215  97],[174  89],[179  89],[184  89],[188  92],[183  92],[178  91]
10593,0,[210  95],[215  94],[220  95],[224  96],[220  97],[215  96],[174  89],[179  88],[183  89],[188  92],[183  91],[178  91]
10627,0,[210  95],[216  94],[220  95],[225  97],[220  97],[215  96],[174  88],[179  88],[183  89],[188  91],[183  91],[178  90]
10660,0,[211  95],[216  94],[221  96],[225  98],[220  98],[215  97],[175  89],[179  88],[184  89],[188  91],[183  91],[179  90]
10693,0,[211  95],[216  94],[221  96],[226  98],[221  99],[216  97],[175  89],[179  88],[184  89],[188  91],[183  91],[178  90]
10727,1,[211  95],[216  94],[221  96],[225  99],[220  99],[215  98],[176  89],[180  88],[185  89],[188  91],[184  92],[179  91]
10760,0,[211  95],[216  94],[221  96],[225  98],[220  98],[215  97],[176  88],[180  88],[185  89],[189  91],[184  91],[180  90]
10794,0,[211  95],[216  95],[221  96],[225  98],[220  99],[215  97],[175  89],[180  88],[185  89],[188  91],[184  91],[179  91]
10827,0,[211  95],[216  94],[221  96],[225  98],[220  98],[215  97],[175  89],[180  88],[184  89],[188  91],[183  91],[179  90]
10860,1,[211  95],[216  94],[221  95],[225  98],[220  98],[215  97],[175  88],[179  87],[184  88],[188  91],[183  91],[179  90]
10894,0,[211  94],[216  93],[221  95],[224  97],[220  98],[215  96],[174  88],[179  87],[184  87],[187  90],[182  90],[178  90]
10927,0,[210  93],[215  92],[220  94],[224  96],[219  96],[215  95],[174  87],[179  87],[184  87],[188  89],[183  89],[178  89]
10961,0,[210  93],[215  92],[220  94],[223  96],[219  96],[214  95],[173  87],[178  86],[183  87],[186  89],[182  89],[177  89]
10994,0,[209  92],[215  92],[219  93],[224  95],[219  95],[214  94],[174  86],[179  86],[184  86],[188  89],[183  89],[178  88]
11028,0,[209  92],[215  92],[219  93],[224  94],[218  94],[214  93],[173  85],[178  86],[183  86],[187  88],[182  88],[177  87]
11061,0,[209  92],[215  91],[219  93],[223  94],[218  94],[214  93],[173  86],[178  86],[183  86],[187  88],[182  88],[177  87]
11094,0,[208  92],[213  91],[218  92],[222  94],[217  94],[213  93],[172  86],[177  85],[182  86],[186  88],[181  88],[176  87]
11128,0,[208  91],[213  91],[218  92],[222  94],[217  94],[212  93],[171  85],[176  85],[181  86],[185  88],[180  88],[176  87]
11161,0,[207  92],[212  91],[217  92],[221  94],[216  94],[212  93],[171  86],[176  85],[180  86],[185  88],[180  88],[175  87]
11195,0,[207  91],[212  91],[217  92],[222  93],[217  94],[212  93],[170  85],[175  85],[180  86],[184  88],[179  88],[174  87]
11228,0,[206  91],[211  90],[216  91],[221  93],[215  93],[211  92],[169  85],[174  85],[179  85],[183  87],[178  87],[173  87]
11261,0,[205  90],[211  90],[216  91],[220  92],[215  93],[210  92],[169  85],[174  85],[179  85],[183  87],[178  87],[173  87]
11295,0,[205  90],[210  90],[215  91],[220  92],[215  93],[210  92],[168  85],[173  84],[178  85],[182  87],[177  87],[172  87]
11328,0,[205  90],[210  89],[214  90],[219  91],[214  92],[209  91],[169  84],[173  84],[178  84],[182  86],[177  87],[172  86]
11362,0,[204  89],[210  88],[214  90],[219  91],[214  92],[209  91],[168  84],[172  84],[177  84],[182  86],[176  86],[172  86]
11395,0,[204  89],[209  88],[214  89],[219  91],[213  91],[208  91],[167  83],[172  83],[177  84],[181  86],[176  86],[171  85]
11429,0,[203  88],[209  87],[213  88],[218  90],[213  91],[208  90],[167  83],[172  83],[177  83],[181  85],[176  86],[172  85]
11462,0,[203  88],[208  87],[213  88],[218  90],[212  90],[208  89],[166  83],[171  82],[175  83],[180  85],[175  85],[170  84]
11495,0,[202  87],[207  86],[212  87],[217  89],[211  89],[207  88],[166  82],[170  82],[175  82],[180  84],[174  84],[170  84]
11529,0,[202  87],[207  86],[212  87],[217  89],[211  89],[206  88],[166  82],[170  82],[174  82],[179  84],[174  84],[170  84]
11562,0,[201  86],[206  85],[211  87],[216  88],[210  89],[206  88],[165  82],[170  81],[174  82],[179  84],[174  84],[169  84]
11596,0,[200  86],[206  85],[210  86],[215  88],[210  88],[205  87],[165  81],[169  81],[174  81],[178  83],[173  84],[169  83]
11629,0,[200  86],[205  85],[210  86],[214  88],[209  88],[205  87],[165  82],[169  81],[174  82],[178  83],[173  84],[169  83]
11662,0,[200  86],[205  85],[210  86],[214  87],[210  88],[205  87],[165  82],[169  81],[174  82],[178  83],[173  83],[169  83]
11696,0,[199  85],[205  84],[210  85],[214  87],[209  87],[204  87],[164  81],[169  81],[173  81],[178  83],[173  83],[168  83]
11729,0,[200  85],[205  84],[210  85],[214  87],[209  87],[205  87],[164  81],[168  80],[173  81],[178  83],[173  83],[168  83]
11763,0,[200  85],[205  84],[210  85],[214  87],[209  87],[205  86],[164  81],[169  80],[173  81],[178  83],[173  83],[168  82]
11796,0,[200  85],[205  84],[210  85],[215  86],[210  87],[205  86],[164  80],[169  80],[173  80],[178  82],[173  83],[168  82]
11830,0,[200  85],[206  83],[210  85],[215  86],[210  87],[205  86],[164  81],[169  80],[173  80],[178  82],[173  83],[168  82]
11863,0,[200  85],[205  84],[210  85],[214  86],[209  87],[204  86],[164  80],[169  80],[174  80],[178  82],[173  82],[168  82]
11896,0,[200  84],[205  83],[210  84],[214  86],[209  86],[205  86],[165  80],[169  79],[174  80],[178  82],[173  82],[169  82]
11930,0,[200  84],[205  83],[210  84],[214  86],[210  86],[205  86],[165  80],[169  79],[174  80],[178  82],[173  82],[169  82]
11963,0,[200  85],[205  84],[210  85],[214  86],[209  87],[204  86],[166  81],[170  80],[175  80],[179  82],[174  82],[170  82]
11997,0,[201  85],[206  84],[210  86],[215  87],[210  88],[205  87],[167  82],[171  82],[176  81],[180  82],[175  83],[171  83]
12030,0,[202  84],[207  84],[212  85],[216  86],[211  87],[206  86],[168  81],[173  81],[177  81],[181  82],[177  83],[172  82]
12063,0,[204  83],[210  82],[214  83],[218  85],[214  85],[209  84],[169  79],[174  78],[179  78],[183  81],[178  81],[173  80]
12097,1,[206  83],[212  81],[216  82],[220  84],[216  85],[211  84],[171  78],[176  77],[181  77],[184  80],[180  80],[175  80]
12130,0,[208  83],[213  80],[218  81],[222  85],[218  85],[213  84],[172  78],[177  76],[183  76],[186  80],[182  80],[177  79]
12164,0,[209  83],[215  80],[220  81],[223  85],[219  85],[214  84],[174  77],[179  75],[184  76],[188  80],[183  80],[178  79]
12197,0,[211  83],[216  80],[221  81],[224  84],[220  85],[215  84],[176  77],[181  75],[186  75],[190  80],[185  80],[180  79]
12231,0,[212  83],[217  80],[222  81],[225  84],[221  85],[216  84],[177  77],[182  75],[187  75],[191  80],[186  80],[181  79]
12264,0,[213  83],[218  81],[223  82],[226  85],[222  85],[218  84],[178  77],[184  75],[189  75],[192  79],[188  79],[183  79]
12297,0,[214  83],[219  82],[224  83],[227  85],[223  86],[218  85],[180  77],[185  76],[190  76],[193  80],[189  80],[184  79]
12331,0,[215  83],[221  83],[225  84],[228  86],[224  86],[220  85],[181  77],[186  77],[191  77],[195  80],[190  80],[185  79]
12364,0,[216  84],[221  83],[225  84],[229  86],[224  86],[220  85],[182  77],[188  77],[192  77],[196  80],[191  80],[187  79]
12398,0,[217  84],[222  83],[226  84],[229  86],[226  86],[221  85],[183  77],[189  77],[193  77],[197  80],[192  80],[188  79]
12431,1,[218  84],[223  83],[226  84],[229  87],[226  86],[222  85],[185  77],[190  76],[194  77],[197  80],[193  79],[189  79]
12465,0,[218  84],[223  83],[227  84],[230  87],[226  87],[222  86],[185  77],[191  76],[195  77],[199  80],[194  80],[190  79]
12498,0,[219  84],[224  83],[228  84],[230  87],[227  87],[223  86],[186  77],[192  76],[196  77],[200  80],[195  80],[191  79]
12531,0,[221  84],[226  82],[231  83],[235  85],[231  87],[225  86],[186  77],[191  76],[196  77],[200  80],[195  80],[190  80]
12565,0,[221  84],[226  83],[231  84],[234  86],[230  87],[225  86],[187  77],[192  76],[197  77],[201  80],[196  80],[191  79]
12598,0,[221  84],[226  83],[231  84],[235  87],[230  87],[226  86],[187  77],[192  76],[197  77],[201  80],[196  80],[191  79]
12632,0,[222  84],[227  83],[231  84],[235  86],[231  87],[226  86],[187  77],[193  77],[198  77],[201  80],[197  81],[192  80]
12665,0,[221  85],[227  83],[232  84],[235  87],[231  87],[226  86],[188  77],[193  77],[198  77],[202  80],[197  81],[192  80]
12698,0,[222  85],[227  83],[232  84],[236  87],[231  87],[226  87],[188  77],[193  77],[198  77],[202  80],[197  80],[192  79]
12732,0,[222  85],[227  83],[232  85],[235  87],[231  88],[226  87],[188  77],[193  77],[198  77],[202  80],[197  80],[192  79]
12765,0,[221  85],[226  85],[230  86],[234  88],[230  88],[225  87],[189  79],[194  79],[198  79],[202  81],[198  81],[193  81]
12799,0,[221  86],[227  86],[231  87],[235  89],[231  89],[226  88],[188  80],[193  80],[197  80],[202  82],[197  83],[192  82]
12832,0,[219  86],[224  86],[228  87],[231  89],[227  89],[223  88],[187  80],[192  79],[197  80],[200  82],[196  82],[191  82]
12866,0,[217  86],[222  86],[226  88],[229  89],[225  89],[221  88],[185  80],[190  80],[194  80],[198  81],[194  82],[190  81]
12899,0,[215  85],[220  85],[224  87],[228  89],[223  88],[219  87],[183  80],[188  80],[192  80],[196  81],[191  82],[187  81]
12932,0,[214  85],[219  85],[224  86],[227  88],[223  88],[218  87],[180  79],[185  79],[189  79],[194  81],[189  81],[184  81]
12966,0,[212  84],[217  84],[222  85],[226  87],[221  87],[216  86],[178  78],[183  78],[187  78],[192  81],[187  81],[182  80]
12999,0,[211  84],[216  83],[220  84],[224  86],[220  86],[215  85],[177  78],[181  77],[186  78],[190  80],[185  80],[180  80]
13033,0,[210  83],[215  82],[219  84],[223  86],[219  86],[214  85],[175  78],[180  77],[184  78],[188  80],[184  80],[179  80]
13066,0,[208  83],[214  82],[218  84],[222  86],[217  86],[213  85],[174  78],[178  77],[183  78],[187  80],[182  80],[178  79]
13099,0,[208  83],[213  82],[217  84],[221  86],[216  85],[212  84],[174  78],[178  78],[182  78],[186  80],[182  80],[177  80]
13133,0,[207  83],[212  82],[216  84],[220  85],[216  85],[211  84],[173  78],[178  78],[182  78],[186  80],[181  80],[177  80]
13166,0,[206  82],[211  82],[215  83],[219  85],[214  85],[210  84],[173  79],[177  78],[181  78],[185  80],[181  80],[177  80]
13200,0,[205  82],[210  81],[215  83],[219  85],[214  85],[209  84],[172  78],[176  77],[180  78],[185  79],[180  80],[175  79]
13233,0,[205  82],[210  82],[215  83],[219  85],[214  85],[210  84],[171  78],[175  78],[180  78],[184  79],[180  80],[175  79]
13267,0,[205  82],[210  82],[214  83],[218  85],[213  85],[209  84],[171  79],[175  78],[179  78],[184  80],[179  80],[175  80]
13300,0,[204  82],[209  81],[214  83],[218  84],[213  84],[209  84],[170  78],[174  77],[179  78],[183  79],[178  80],[174  79]
13333,0,[204  82],[209  81],[213  83],[217  84],[212  84],[208  83],[171  78],[175  78],[179  78],[183  79],[179  80],[174  80]
13367,0,[203  82],[208  82],[213  83],[217  84],[212  84],[208  83],[170  79],[174  78],[178  78],[183  80],[178  80],[174  80]
13400,0,[203  82],[208  81],[212  83],[217  84],[212  84],[207  83],[170  78],[174  78],[178  78],[183  79],[178  80],[174  79]
13434,0,[203  82],[208  82],[212  83],[217  84],[212  84],[207  83],[170  79],[174  78],[178  78],[182  79],[178  80],[173  80]
13467,0,[203  82],[208  82],[212  83],[217  84],[212  84],[207  83],[169  78],[173  78],[177  78],[182  79],[177  80],[173  79]
13500,0,[203  82],[208  82],[212  83],[216  84],[211  84],[207  83],[169  79],[173  78],[178  78],[182  80],[177  80],[173  80]
13534,0,[202  82],[207  81],[212  82],[216  84],[211  84],[207  83],[169  78],[173  78],[177  78],[181  79],[176  80],[172  79]
13567,0,[202  82],[207  81],[211  82],[216  84],[211  84],[206  83],[168  78],[172  78],[177  78],[181  79],[176  80],[172  79]
13601,0,[202  82],[207  81],[211  82],[216  84],[211  84],[206  83],[168  78],[172  78],[177  78],[181  79],[176  80],[172  79]
13634,0,[202  82],[207  81],[211  83],[216  84],[210  84],[206  83],[168  78],[173  78],[177  78],[181  79],[176  79],[172  79]
13668,0,[202  81],[207  81],[211  83],[215  84],[210  84],[206  83],[169  78],[173  78],[177  78],[181  79],[176  79],[172  79]
13701,0,[202  82],[206  81],[211  82],[215  84],[210  84],[206  83],[168  78],[172  77],[176  77],[181  79],[176  79],[172  79]
13734,0,[201  81],[206  81],[211  82],[215  84],[210  83],[206  83],[168  78],[172  77],[177  77],[181  79],[176  79],[172  79]
13768,0,[202  81],[207  81],[211  82],[215  84],[210  83],[206  82],[168  78],[172  77],[176  77],[181  79],[176  79],[172  79]
13801,0,[201  81],[206  81],[211  82],[215  84],[210  84],[206  83],[168  78],[172  77],[176  77],[180  79],[176  79],[171  79]
13835,0,[201  81],[206  81],[211  82],[215  84],[210  84],[205  83],[168  78],[172  77],[176  77],[181  79],[176  79],[172  79]
13868,0,[201  81],[206  81],[211  82],[215  83],[210  83],[205  82],[168  78],[172  77],[176  77],[180  79],[176  79],[172  79]
13901,0,[201  81],[206  81],[211  82],[215  84],[210  84],[206  83],[168  78],[172  77],[176  77],[180  79],[176  79],[172  79]
13935,0,[201  81],[206  81],[211  82],[215  84],[210  84],[205  83],[168  78],[172  77],[176  77],[180  79],[176  79],[171  79]
13968,0,[201  81],[206  81],[210  82],[215  84],[210  84],[205  83],[168  78],[172  77],[176  77],[180  79],[176  79],[172  79]
14002,0,[201  81],[206  81],[211  82],[215  83],[210  83],[206  83],[168  77],[172  77],[176  77],[180  79],[176  79],[171  79]
14035,0,[202  81],[207  81],[211  82],[215  84],[210  84],[206  82],[168  78],[172  77],[176  77],[180  79],[176  79],[172  79]
14069,0,[201  81],[206  81],[211  82],[215  84],[210  83],[206  83],[167  77],[172  77],[176  77],[180  79],[176  79],[171  79]
14102,0,[201  81],[206  81],[211  82],[215  84],[210  84],[205  83],[168  78],[172  77],[176  77],[180  79],[176  79],[171  79]
14135,0,[201  81],[206  81],[210  82],[215  84],[210  84],[205  83],[168  78],[172  77],[176  77],[180  79],[176  79],[172  79]
14169,0,[201  81],[206  81],[211  82],[215  84],[210  84],[205  83],[167  78],[172  77],[176  77],[180  79],[176  79],[171  79]
14202,0,[201  81],[206  80],[211  81],[215  83],[210  83],[205  82],[168  77],[172  76],[176  77],[180  78],[176  79],[171  78]
14236,0,[201  81],[206  80],[211  81],[215  83],[210  83],[205  82],[168  77],[172  76],[176  77],[180  78],[176  78],[172  78]
14269,0,[202  81],[206  80],[211  82],[215  83],[210  83],[206  82],[168  77],[172  77],[176  77],[180  78],[176  79],[171  78]
14303,0,[201  81],[206  80],[211  82],[215  83],[210  83],[206  82],[168  77],[172  77],[176  77],[180  78],[175  78],[171  78]
14336,0,[201  81],[206  80],[211  81],[215  83],[210  83],[205  82],[168  77],[172  76],[176  76],[180  78],[176  78],[171  78]
14369,0,[201  81],[206  80],[210  81],[215  83],[209  83],[205  82],[168  77],[172  77],[176  77],[181  78],[176  78],[172  78]
14403,0,[201  81],[206  81],[210  82],[215  83],[210  83],[205  82],[168  77],[172  77],[176  77],[181  78],[176  79],[171  78]
14436,0,[201  81],[206  81],[211  82],[215  83],[210  83],[205  82],[167  77],[172  77],[176  77],[181  78],[176  79],[171  78]
14470,0,[201  81],[206  80],[210  82],[215  83],[209  83],[205  82],[168  77],[172  77],[176  77],[181  78],[176  78],[171  78]
14503,0,[201  81],[206  80],[211  81],[215  83],[210  83],[205  82],[168  77],[172  76],[176  76],[181  78],[176  79],[172  78]
14536,0,[201  81],[206  80],[211  82],[215  83],[210  83],[205  82],[168  77],[172  77],[176  77],[180  78],[176  78],[171  78]
14570,0,[201  81],[206  80],[211  81],[215  83],[210  83],[205  82],[167  77],[172  76],[176  76],[180  78],[175  78],[171  78]
14603,0,[201  81],[206  81],[210  82],[215  83],[210  83],[205  82],[167  77],[172  77],[176  77],[180  78],[176  78],[171  78]
14637,0,[201  81],[206  81],[210  82],[215  83],[210  83],[205  82],[167  77],[172  77],[176  77],[180  78],[176  79],[171  78]
14670,0,[201  81],[206  81],[211  82],[215  83],[210  83],[205  82],[168  77],[172  77],[176  77],[180  78],[176  79],[171  78]
14704,0,[201  81],[206  81],[211  82],[215  83],[210  84],[205  83],[167  77],[172  77],[176  77],[180  78],[176  79],[171  78]
14737,0,[201  81],[206  81],[211  82],[215  84],[210  84],[205  83],[168  78],[172  77],[176  77],[180  78],[176  79],[172  78]
14770,0,[201  81],[206  81],[210  82],[215  84],[210  84],[205  83],[168  78],[172  77],[176  77],[181  79],[176  79],[172  79]
14804,0,[202  81],[207  81],[211  83],[215  84],[210  84],[206  83],[168  78],[172  77],[176  77],[181  79],[176  79],[172  78]
14837,0,[202  82],[207  82],[211  83],[216  84],[210  84],[206  83],[168  78],[172  77],[177  77],[181  79],[176  79],[172  79]
14871,0,[202  82],[207  81],[211  83],[216  84],[211  84],[206  83],[168  78],[172  77],[177  77],[181  79],[176  79],[172  79]
14904,0,[202  82],[207  82],[211  83],[216  84],[210  84],[206  83],[168  78],[172  77],[177  77],[181  79],[176  79],[172  79]
14937,0,[202  82],[207  82],[211  83],[216  84],[210  84],[206  83],[168  78],[172  77],[177  77],[181  79],[176  79],[172  79]
14971,0,[201  82],[206  82],[211  83],[215  85],[210  85],[206  83],[168  78],[172  77],[176  77],[181  79],[176  79],[172  79]
15004,0,[200  81],[206  81],[210  82],[214  84],[209  84],[205  83],[167  77],[171  77],[176  77],[180  79],[175  79],[171  79]
15038,0,[199  82],[204  81],[208  83],[212  84],[208  84],[203  83],[167  78],[172  78],[176  78],[180  79],[175  80],[171  80]
15071,0,[198  82],[203  82],[207  83],[211  84],[207  85],[202  84],[167  79],[171  78],[176  78],[180  79],[175  80],[171  80]
15105,0,[198  82],[203  82],[207  83],[211  85],[207  85],[202  84],[168  79],[172  78],[176  78],[180  79],[176  80],[171  80]
15138,0,[200  82],[204  82],[209  83],[213  85],[208  85],[204  84],[168  79],[172  78],[177  78],[181  80],[176  80],[172  80]
15171,0,[203  83],[208  83],[212  84],[216  86],[212  86],[207  85],[169  79],[174  79],[178  79],[182  80],[178  81],[173  81]
15205,0,[205  84],[211  84],[215  85],[219  87],[214  87],[210  86],[171  80],[176  80],[181  80],[185  81],[180  82],[176  82]
15238,0,[207  86],[213  86],[217  87],[220  88],[216  89],[212  88],[174  81],[179  81],[184  81],[188  83],[183  83],[178  83]
15272,0,[209  88],[215  88],[219  89],[222  90],[218  91],[214  90],[176  82],[182  82],[186  83],[190  84],[185  85],[181  84]
15305,0,[212  89],[217  89],[221  90],[225  91],[220  92],[216  91],[179  84],[184  84],[188  84],[192  86],[187  87],[183  86]
15338,0,[214  91],[218  91],[223  92],[226  93],[222  94],[218  93],[181  85],[186  85],[191  86],[194  87],[190  88],[185  87]
15372,0,[215  92],[220  92],[224  93],[227  94],[223  95],[219  94],[183  86],[188  86],[192  87],[196  88],[192  89],[187  88]
15405,0,[216  93],[221  93],[226  94],[229  95],[225  96],[221  95],[184  87],[189  87],[194  88],[197  90],[193  90],[188  90]
15439,0,[218  94],[223  94],[227  96],[230  97],[226  97],[222  97],[186  89],[191  89],[195  89],[199  91],[195  92],[190  91]
15472,0,[219  96],[224  96],[228  97],[231  98],[227  99],[224  98],[187  90],[192  91],[197  91],[200  92],[196  93],[192  92]
15506,0,[221  97],[226  97],[230  98],[234  99],[230 100],[225  99],[188  91],[194  92],[198  92],[202  93],[197  94],[193  93]
15539,0,[222  98],[227  98],[231  99],[234 100],[230 101],[226 100],[189  92],[195  93],[199  93],[203  94],[198  95],[194  94]
15572,0,[224  99],[229  99],[233 100],[236 101],[232 102],[228 101],[191  93],[196  94],[201  94],[205  96],[200  96],[195  96]
15606,0,[225 100],[230 100],[234 101],[237 102],[233 103],[229 102],[192  94],[197  95],[202  95],[206  96],[201  97],[196  96]
15639,0,[226 100],[231 100],[235 101],[238 102],[234 103],[230 102],[193  94],[198  95],[203  96],[207  97],[202  97],[197  97]
15673,1,[227 101],[232 100],[236 101],[239 102],[236 104],[231 103],[193  94],[199  95],[204  95],[207  97],[203  98],[198  97]
15706,0,[227 100],[232 100],[236 101],[239 102],[236 103],[231 102],[194  93],[199  94],[204  94],[208  96],[203  97],[198  96]
15740,0,[228 100],[233  99],[237 100],[240 102],[236 103],[232 102],[194  93],[200  93],[204  94],[208  96],[203  97],[198  96]
15773,0,[228 100],[233  99],[237 100],[241 101],[237 103],[232 102],[193  92],[199  93],[204  93],[208  96],[203  96],[198  95]
15806,0,[228  99],[233  99],[237 100],[240 101],[236 102],[232 101],[194  92],[199  92],[204  93],[208  95],[203  96],[198  95]
15840,0,[228  99],[233  98],[237  99],[240 101],[237 102],[232 101],[194  91],[199  92],[204  93],[208  95],[203  95],[198  94]
15873,0,[229  99],[233  98],[238  99],[241 100],[237 102],[233 101],[194  91],[199  92],[204  93],[208  95],[203  95],[198  94]
15907,0,[228  98],[233  98],[238  99],[241 100],[237 101],[233 101],[194  91],[199  92],[204  93],[207  94],[203  95],[198  94]
15940,0,[228  99],[233  98],[237  99],[240 100],[236 101],[232 100],[194  91],[200  92],[204  93],[208  94],[203  95],[199  94]
15973,0,[228  98],[233  98],[237  99],[240 100],[236 101],[232 100],[194  91],[200  92],[204  92],[208  94],[203  94],[199  93]
16007,0,[227  98],[232  98],[236  99],[239 100],[235 101],[231 100],[194  90],[200  91],[204  92],[208  93],[203  94],[199  93]
16040,0,[227  96],[232  96],[236  98],[239  99],[235  99],[231  98],[194  89],[199  90],[204  90],[207  92],[203  92],[198  91]
16074,0,[226  95],[231  95],[235  96],[238  97],[234  98],[230  97],[194  87],[199  88],[203  88],[207  90],[202  91],[198  89]
16107,1,[227  91],[232  89],[237  90],[241  91],[237  93],[232  93],[191  84],[197  84],[202  85],[206  88],[201  88],[196  87]
16141,0,[224  91],[230  91],[234  92],[238  94],[233  95],[229  93],[191  83],[196  83],[201  84],[204  87],[199  87],[195  85]
16174,0,[224  90],[229  88],[234  89],[238  91],[233  92],[228  91],[189  81],[194  81],[199  82],[203  85],[198  85],[193  84]
16207,0,[223  87],[229  85],[234  86],[238  89],[233  90],[228  89],[188  79],[193  78],[199  79],[202  83],[197  83],[192  82]
16241,0,[222  86],[228  83],[233  84],[237  88],[232  89],[227  88],[187  77],[192  76],[197  77],[201  81],[196  81],[190  80]
16274,0,[220  85],[225  82],[230  83],[233  87],[229  88],[224  87],[185  76],[191  74],[196  75],[200  80],[195  80],[189  79]
16308,0,[218  84],[224  80],[229  81],[232  86],[228  87],[223  86],[184  75],[189  73],[195  74],[198  79],[193  79],[188  78]
16341,0,[217  83],[222  80],[228  80],[231  85],[227  86],[222  85],[183  74],[188  72],[193  73],[197  78],[192  78],[187  77]
16374,0,[215  82],[221  78],[226  79],[229  84],[225  85],[220  84],[181  73],[186  71],[192  72],[196  77],[191  77],[185  76]
16408,0,[214  81],[219  77],[224  78],[227  83],[224  83],[219  82],[180  73],[185  70],[191  71],[194  77],[190  76],[184  75]
16441,0,[213  80],[218  76],[223  77],[226  82],[223  82],[217  81],[179  71],[184  69],[190  70],[193  75],[188  75],[183  74]
16475,0,[213  78],[219  75],[224  76],[228  80],[224  81],[218  80],[178  71],[183  68],[189  69],[192  74],[188  74],[182  73]
16508,0,[212  78],[217  75],[223  76],[226  81],[222  81],[217  80],[178  70],[183  67],[188  68],[192  74],[187  74],[181  73]
16542,0,[211  78],[216  75],[221  76],[224  81],[220  81],[215  80],[177  71],[182  68],[188  69],[192  74],[187  74],[181  73]
16575,0,[211  78],[216  75],[221  76],[224  80],[220  81],[215  80],[177  70],[182  67],[188  68],[192  74],[187  73],[181  72]
16608,0,[211  78],[216  74],[221  75],[223  80],[220  80],[215  79],[178  69],[183  67],[188  68],[192  73],[187  73],[182  72]
16675,0,[211  77],[216  73],[221  74],[224  79],[220  80],[215  79],[178  69],[183  66],[188  67],[192  72],[187  72],[181  71]
16775,0,[212  78],[217  75],[222  76],[225  81],[221  81],[216  79],[178  68],[183  66],[188  67],[192  72],[187  72],[182  71]
16809,0,[212  78],[217  75],[222  76],[225  80],[221  81],[216  80],[179  69],[184  66],[189  67],[193  73],[188  72],[183  71]
16842,0,[213  78],[218  75],[223  77],[226  81],[222  81],[217  80],[180  69],[185  67],[190  68],[194  73],[189  72],[184  71]
16876,0,[214  79],[219  76],[224  77],[226  82],[223  82],[218  81],[180  69],[186  67],[191  68],[194  73],[190  73],[184  72]
16909,0,[214  79],[220  77],[224  78],[227  82],[224  83],[219  81],[182  70],[187  68],[192  69],[196  74],[191  74],[186  72]
16943,0,[216  80],[221  77],[226  79],[228  83],[225  83],[220  82],[183  71],[189  68],[194  69],[197  75],[193  74],[187  73]
16976,0,[217  81],[222  77],[227  79],[229  84],[226  84],[222  82],[185  70],[190  68],[195  69],[198  75],[194  74],[189  73]
17009,0,[219  80],[224  77],[228  79],[230  83],[227  83],[223  82],[186  71],[192  68],[197  69],[200  75],[196  74],[191  73]
17043,0,[221  81],[226  78],[231  80],[233  84],[230  84],[225  83],[189  70],[194  68],[199  70],[202  74],[198  74],[193  72]
17076,0,[221  81],[226  78],[231  80],[233  84],[230  84],[225  83],[190  70],[195  68],[200  69],[203  75],[198  74],[194  72]
17110,0,[223  82],[228  79],[233  81],[236  85],[232  85],[227  84],[191  71],[196  69],[201  70],[205  76],[200  75],[195  73]
17143,0,[225  82],[230  80],[235  82],[238  85],[234  85],[229  84],[192  71],[197  70],[202  71],[206  76],[201  75],[196  74]
17176,0,[226  82],[231  80],[236  82],[239  85],[235  86],[230  85],[193  71],[199  70],[204  71],[207  76],[202  76],[197  74]
17210,0,[226  82],[231  80],[235  82],[238  86],[234  86],[230  84],[195  71],[200  70],[205  71],[207  76],[203  75],[198  74]
17243,0,[228  83],[233  81],[237  82],[240  85],[237  86],[232  85],[196  72],[201  71],[205  72],[208  76],[204  76],[199  74]
17277,0,[228  82],[233  80],[238  81],[241  85],[237  85],[232  84],[196  72],[201  70],[206  72],[209  77],[204  76],[199  74]
17310,0,[228  83],[233  81],[237  82],[239  86],[236  86],[232  85],[197  72],[202  70],[207  72],[209  76],[205  76],[201  74]
17344,0,[228  84],[233  82],[238  83],[240  87],[237  87],[232  86],[197  72],[202  71],[207  72],[210  77],[206  76],[201  75]
17377,0,[228  84],[234  82],[238  84],[240  88],[237  88],[232  87],[197  72],[202  71],[207  72],[210  78],[206  77],[201  75]
17410,0,[229  83],[234  81],[239  82],[241  86],[238  86],[233  85],[197  72],[202  71],[207  72],[210  77],[206  76],[201  75]
17444,0,[232  82],[237  80],[241  82],[244  86],[240  85],[236  84],[198  71],[203  70],[208  72],[211  76],[207  75],[202  73]
17477,0,[231  83],[236  82],[241  83],[244  87],[240  87],[235  86],[198  72],[203  71],[208  72],[211  77],[207  76],[202  75]
17511,0,[231  84],[236  81],[241  83],[243  87],[240  87],[235  86],[198  72],[203  71],[208  72],[211  77],[207  76],[202  75]
17544,0,[230  83],[236  81],[240  83],[243  87],[239  87],[235  85],[197  73],[202  72],[207  73],[211  77],[206  77],[201  76]
17578,0,[230  83],[235  81],[240  83],[242  86],[239  86],[234  85],[198  73],[203  72],[207  73],[210  78],[206  77],[202  75]
17611,0,[230  77],[235  75],[240  77],[243  80],[239  80],[235  79],[197  69],[201  68],[206  69],[210  73],[205  72],[201  71]
17644,0,[230  79],[236  76],[241  77],[244  81],[240  81],[235  80],[195  71],[200  69],[205  70],[209  75],[204  74],[199  73]
17678,0,[230  79],[235  77],[240  77],[244  81],[240  82],[235  81],[193  73],[199  72],[204  72],[208  77],[203  76],[198  76]
17711,0,[227  80],[232  77],[237  77],[241  81],[237  81],[232  81],[193  76],[198  74],[203  74],[207  78],[202  78],[197  77]
17745,0,[227  81],[233  79],[238  80],[243  83],[238  83],[232  83],[189  75],[194  74],[200  75],[204  78],[199  78],[193  77]
17778,0,[223  83],[228  81],[233  82],[237  85],[232  86],[227  85],[189  74],[194  73],[198  74],[202  78],[197  77],[192  76]
17811,0,[220  83],[225  81],[230  82],[233  86],[229  86],[224  85],[187  74],[192  73],[197  74],[201  78],[196  78],[191  77]
17845,0,[218  82],[224  80],[228  81],[231  85],[227  86],[223  84],[185  74],[191  72],[196  73],[199  78],[194  77],[189  76]
17878,0,[217  82],[222  79],[227  81],[230  85],[226  85],[221  83],[184  74],[189  72],[194  73],[198  77],[193  77],[188  76]
17912,0,[216  81],[221  79],[226  80],[229  84],[225  84],[220  82],[183  73],[188  72],[193  72],[196  77],[192  76],[187  75]
17945,0,[215  81],[220  78],[225  80],[228  83],[224  83],[219  82],[182  73],[187  71],[192  72],[195  76],[191  76],[186  75]
17979,0,[214  80],[219  78],[223  80],[227  83],[223  83],[218  82],[181  73],[186  72],[191  72],[194  76],[190  76],[185  75]
18012,0,[214  80],[219  78],[223  80],[226  83],[222  83],[218  81],[181  73],[185  71],[190  72],[194  76],[189  75],[184  74]
18045,0,[213  80],[218  78],[222  79],[225  83],[221  82],[217  81],[180  73],[184  71],[189  72],[193  76],[188  75],[183  74]
18079,0,[212  79],[217  77],[221  79],[224  82],[220  81],[216  80],[179  73],[184  71],[188  71],[192  75],[187  75],[183  74]
18112,0,[211  79],[216  77],[221  79],[224  82],[220  81],[215  80],[178  72],[183  71],[187  71],[191  75],[187  74],[182  74]
18146,0,[211  79],[216  77],[220  78],[223  82],[219  81],[215  80],[178  72],[182  71],[187  71],[191  75],[186  74],[182  73]
18179,0,[210  78],[215  77],[219  78],[223  81],[218  80],[214  79],[177  73],[182  71],[186  71],[190  75],[185  74],[181  73]
18212,0,[210  78],[215  76],[219  78],[222  81],[218  80],[214  79],[176  73],[181  71],[185  71],[189  75],[185  74],[180  74]
18246,0,[209  78],[214  76],[218  78],[221  81],[217  80],[213  79],[175  72],[180  71],[185  71],[189  74],[184  74],[180  73]
18279,0,[208  77],[213  76],[217  77],[221  80],[217  80],[212  78],[175  72],[180  70],[184  71],[188  74],[184  74],[179  73]
18313,0,[208  77],[213  76],[217  77],[221  80],[217  80],[212  78],[175  72],[179  70],[184  71],[188  74],[183  74],[179  73]
18346,0,[208  77],[213  76],[217  77],[220  80],[216  80],[212  78],[174  72],[179  71],[183  71],[187  74],[182  74],[178  73]
18380,0,[207  78],[212  76],[216  78],[220  81],[216  80],[211  79],[174  72],[178  71],[183  71],[187  74],[182  74],[178  73]
18413,0,[207  78],[212  76],[216  78],[219  81],[215  80],[211  79],[173  72],[178  71],[182  71],[186  74],[182  74],[177  74]
18446,0,[207  77],[212  76],[216  78],[219  80],[215  80],[211  79],[173  72],[177  71],[182  71],[186  74],[181  74],[177  73]
18480,0,[206  78],[212  76],[216  77],[219  80],[215  80],[211  79],[172  72],[177  71],[182  71],[186  74],[181  74],[177  74]
18513,0,[206  77],[211  76],[215  77],[219  80],[214  80],[210  78],[172  73],[177  71],[181  71],[186  74],[181  74],[176  74]
18547,0,[206  77],[211  76],[215  77],[218  80],[214  80],[210  79],[172  72],[176  71],[181  71],[185  74],[180  74],[176  74]
18580,0,[205  78],[210  76],[214  77],[218  80],[214  80],[209  79],[171  73],[176  71],[180  72],[185  75],[180  75],[175  74]
18613,0,[205  78],[210  76],[214  77],[218  80],[213  80],[209  79],[171  73],[175  71],[180  71],[184  75],[179  75],[175  74]
18647,0,[204  78],[209  76],[214  77],[217  80],[213  80],[209  79],[170  73],[175  71],[179  72],[184  75],[179  75],[174  74]
18680,0,[203  78],[209  76],[213  77],[217  80],[212  80],[208  79],[170  74],[174  71],[179  72],[183  75],[178  75],[173  75]
18714,0,[203  78],[208  76],[212  77],[216  80],[212  80],[207  79],[169  74],[173  72],[178  72],[183  75],[178  75],[173  75]
18747,0,[202  79],[207  77],[212  78],[216  81],[211  81],[206  80],[168  74],[173  72],[177  73],[182  76],[177  76],[172  76]
18781,0,[201  78],[206  77],[211  78],[214  80],[210  80],[206  79],[168  74],[172  73],[177  73],[181  76],[177  76],[172  76]
18814,0,[201  79],[206  77],[211  78],[215  81],[210  81],[206  80],[168  75],[172  73],[177  73],[181  77],[176  77],[172  76]
18847,0,[201  79],[206  77],[211  78],[215  81],[211  82],[206  81],[168  75],[172  73],[177  73],[181  77],[176  77],[171  76]
18881,0,[201  80],[207  78],[212  79],[216  82],[211  82],[206  81],[168  75],[172  73],[177  73],[181  77],[176  77],[171  76]
18914,0,[202  80],[207  77],[212  78],[216  82],[211  82],[206  81],[168  75],[172  73],[177  73],[181  77],[176  77],[172  76]
18948,0,[202  80],[207  77],[212  79],[216  82],[211  82],[206  81],[168  75],[172  73],[177  73],[182  77],[177  77],[172  76]
18981,0,[202  80],[207  78],[212  79],[216  82],[212  82],[207  81],[168  75],[172  73],[177  73],[182  77],[176  77],[172  76]
19014,0,[203  80],[208  78],[213  79],[217  82],[212  82],[207  81],[168  75],[173  73],[177  73],[182  77],[177  77],[172  76]
19048,0,[202  79],[207  77],[212  78],[216  81],[212  81],[207  80],[168  74],[172  72],[177  72],[182  76],[177  76],[172  76]
19081,0,[202  79],[208  76],[213  78],[217  81],[212  81],[207  80],[168  74],[172  72],[177  72],[182  76],[176  76],[172  75]
19115,0,[202  79],[207  76],[212  77],[217  81],[212  81],[206  80],[168  74],[172  71],[177  72],[181  76],[176  76],[171  75]
19148,0,[201  78],[206  76],[211  77],[215  80],[210  80],[205  80],[168  73],[172  71],[177  72],[181  76],[176  75],[171  75]
19182,0,[198  78],[203  75],[207  76],[211  79],[207  80],[202  79],[167  73],[171  71],[175  71],[179  75],[175  75],[170  75]
19215,0,[199  77],[204  75],[209  76],[213  79],[208  79],[203  79],[166  72],[170  70],[175  71],[179  75],[174  75],[169  74]
19248,0,[198  77],[203  74],[208  75],[212  79],[208  79],[202  79],[164  72],[169  70],[173  70],[178  75],[173  75],[168  74]
19282,0,[197  77],[203  74],[208  75],[213  79],[207  80],[202  78],[163  72],[167  69],[172  70],[176  74],[171  74],[166  74]
19315,0,[196  77],[201  74],[206  75],[211  79],[206  79],[200  78],[162  72],[165  69],[170  70],[175  74],[170  74],[165  74]
19349,0,[194  77],[199  74],[204  75],[209  79],[203  79],[198  78],[160  72],[164  69],[169  70],[174  74],[168  74],[163  74]
19382,0,[190  76],[195  73],[200  74],[204  77],[200  78],[195  78],[159  72],[162  69],[167  70],[171  74],[166  74],[162  74]
19416,0,[188  76],[193  72],[198  73],[202  77],[198  78],[193  77],[157  71],[161  68],[166  69],[170  73],[165  73],[160  73]
19449,0,[187  75],[192  72],[197  73],[201  77],[196  77],[191  77],[156  70],[160  68],[164  68],[168  73],[164  73],[159  72]
19482,0,[188  75],[194  72],[199  73],[204  77],[199  78],[193  77],[156  71],[159  68],[164  68],[168  72],[163  73],[158  72]
19549,0,[188  74],[192  70],[198  72],[203  76],[198  77],[192  76],[155  69],[158  65],[163  66],[167  71],[162  71],[157  70]
19583,0,[187  74],[192  70],[198  71],[203  76],[197  76],[192  75],[155  68],[158  65],[163  66],[167  70],[162  70],[157  70]
19616,0,[187  75],[192  72],[198  74],[203  78],[197  78],[191  77],[154  70],[157  67],[162  68],[167  72],[161  72],[156  72]
19649,0,[186  76],[191  73],[197  74],[202  78],[196  79],[191  78],[154  71],[157  68],[162  69],[167  73],[161  73],[157  73]
19683,0,[186  76],[190  73],[196  74],[201  78],[196  79],[190  78],[155  71],[157  68],[162  69],[166  73],[161  73],[156  73]
19716,0,[186  75],[190  72],[196  74],[201  78],[195  78],[190  77],[154  70],[157  67],[161  68],[166  72],[161  72],[156  71]
19750,0,[186  74],[191  71],[196  73],[201  77],[195  77],[190  76],[155  68],[157  65],[162  66],[166  70],[161  71],[157  70]
19783,0,[186  75],[191  72],[197  74],[202  78],[196  78],[191  77],[156  68],[158  66],[163  67],[167  71],[162  71],[157  70]
19850,0,[188  77],[193  74],[199  76],[204  80],[198  80],[192  79],[157  70],[160  67],[164  68],[169  72],[163  72],[159  72]
19883,0,[189  77],[194  74],[200  76],[205  80],[199  81],[193  79],[159  69],[161  66],[166  68],[171  73],[165  72],[161  72]
19917,0,[190  76],[195  73],[200  74],[205  79],[200  80],[194  79],[161  69],[164  66],[169  67],[173  72],[168  72],[163  72]
19950,0,[195  79],[200  76],[205  78],[210  83],[204  83],[199  81],[164  69],[167  67],[172  69],[176  73],[171  73],[166  72]
21955,0,[163 137],[172 135],[180 139],[187 146],[178 145],[169 142],[109 122],[116 119],[124 121],[129 127],[121 127],[113 125]
